VGS,VDS,freq,real_Y_2_1___0_0____
-2,0,1000000000,5.16151312337165e-08
-2,0.1,1000000000,5.70029239360542e-08
-2,0.2,1000000000,6.16044541281305e-08
-2,0.3,1000000000,6.55754311604644e-08
-2,0.4,1000000000,6.9039737066897e-08
-2,0.5,1000000000,7.2096076176548e-08
-2,0.6,1000000000,7.48231789665057e-08
-2,0.7,1000000000,7.72838897529245e-08
-2,0.8,1000000000,7.95283900110693e-08
-2,0.9,1000000000,8.1596749497443e-08
-2,1,1000000000,8.35209521553511e-08
-2,1.1,1000000000,8.53265096812489e-08
-2,1.2,1000000000,8.70337498933095e-08
-2,1.3,1000000000,8.86588475628319e-08
-2,1.4,1000000000,9.02146505475414e-08
-2,1.5,1000000000,9.17113427177452e-08
-2,1.6,1000000000,9.31569764181112e-08
-2,1.7,1000000000,9.45579004174766e-08
-2,1.8,1000000000,9.59191039940546e-08
-2,1.9,1000000000,9.72444936341614e-08
-2,2,1000000000,9.853711552883e-08
-2,2.1,1000000000,9.97993344389618e-08
-2,2.2,1000000000,1.01032977417803e-07
-2,2.3,1000000000,1.02239449216277e-07
-2,2.4,1000000000,1.034198248646e-07
-2,2.5,1000000000,1.04574923854716e-07
-2,2.6,1000000000,1.05705369489097e-07
-2,2.7,1000000000,1.06811636270418e-07
-2,2.8,1000000000,1.07894087650204e-07
-2,2.9,1000000000,1.08953006006319e-07
-2,3,1000000000,1.09988616357885e-07
-2,3.1,1000000000,1.11001105035005e-07
-2,3.2,1000000000,1.11990634285827e-07
-2,3.3,1000000000,1.12957353614152e-07
-2,3.4,1000000000,1.13901408488052e-07
-2,3.5,1000000000,1.14822946936836e-07
-2,3.6,1000000000,1.15722124454317e-07
-2,3.7,1000000000,1.16599107546236e-07
-2,3.8,1000000000,1.17454076194981e-07
-2,3.9,1000000000,1.18287225462584e-07
-2,4,1000000000,1.19098766410805e-07
-2,4.1,1000000000,1.1988892648306e-07
-2,4.2,1000000000,1.20657949465437e-07
-2,4.3,1000000000,1.21406095121769e-07
-2,4.4,1000000000,1.22133638579676e-07
-2,4.5,1000000000,1.22840869529883e-07
-2,4.6,1000000000,1.23528091289256e-07
-2,4.7,1000000000,1.24195619768326e-07
-2,4.8,1000000000,1.24843782376231e-07
-2,4.9,1000000000,1.25472916889588e-07
-2,5,1000000000,1.26083370306592e-07
-1.9,0,1000000000,6.22486808370293e-08
-1.9,0.1,1000000000,6.89117874292046e-08
-1.9,0.2,1000000000,7.45956945931012e-08
-1.9,0.3,1000000000,7.94948938511889e-08
-1.9,0.4,1000000000,8.37639398643754e-08
-1.9,0.5,1000000000,8.75258475785754e-08
-1.9,0.6,1000000000,9.08786538494323e-08
-1.9,0.7,1000000000,9.39005610189443e-08
-1.9,0.8,1000000000,9.6653983587533e-08
-1.9,0.9,1000000000,9.91887437636859e-08
-1.9,1,1000000000,1.01544603855169e-07
-1.9,1.1,1000000000,1.03753279568217e-07
-1.9,1.2,1000000000,1.05840045092075e-07
-1.9,1.3,1000000000,1.07825015748524e-07
-1.9,1.4,1000000000,1.09724174945511e-07
-1.9,1.5,1000000000,1.11550197653648e-07
-1.9,1.6,1000000000,1.13313111480798e-07
-1.9,1.7,1000000000,1.15020827809933e-07
-1.9,1.8,1000000000,1.16679568767956e-07
-1.9,1.9,1000000000,1.18294210550322e-07
-1.9,2,1000000000,1.19868559498607e-07
-1.9,2.1,1000000000,1.21405574062119e-07
-1.9,2.2,1000000000,1.22907543179359e-07
-1.9,2.3,1000000000,1.24376229545589e-07
-1.9,2.4,1000000000,1.25812984577657e-07
-1.9,2.5,1000000000,1.27218840560632e-07
-1.9,2.6,1000000000,1.28594584395522e-07
-1.9,2.7,1000000000,1.29940816510812e-07
-1.9,2.8,1000000000,1.31257997811173e-07
-1.9,2.9,1000000000,1.32546486981336e-07
-1.9,3,1000000000,1.33806570015646e-07
-1.9,3.1,1000000000,1.35038483482979e-07
-1.9,3.2,1000000000,1.36242432745785e-07
-1.9,3.3,1000000000,1.37418606117341e-07
-1.9,3.4,1000000000,1.38567185752037e-07
-1.9,3.5,1000000000,1.39688355910804e-07
-1.9,3.6,1000000000,1.407823091206e-07
-1.9,3.7,1000000000,1.41849250647446e-07
-1.9,3.8,1000000000,1.42889401622275e-07
-1.9,3.9,1000000000,1.43903001094051e-07
-1.9,4,1000000000,1.44890307232315e-07
-1.9,4.1,1000000000,1.45851597859018e-07
-1.9,4.2,1000000000,1.46787170455299e-07
-1.9,4.3,1000000000,1.47697341761231e-07
-1.9,4.4,1000000000,1.48582447064121e-07
-1.9,4.5,1000000000,1.4944283925279e-07
-1.9,4.6,1000000000,1.50278887700507e-07
-1.9,4.7,1000000000,1.51090977027266e-07
-1.9,4.8,1000000000,1.51879505782323e-07
-1.9,4.9,1000000000,1.52644885079955e-07
-1.9,5,1000000000,1.53387537214897e-07
-1.8,0,1000000000,7.48633964120401e-08
-1.8,0.1,1000000000,8.31210015620489e-08
-1.8,0.2,1000000000,9.01557398421815e-08
-1.8,0.3,1000000000,9.62111338357831e-08
-1.8,0.4,1000000000,1.01480517036933e-07
-1.8,0.5,1000000000,1.0611763068054e-07
-1.8,0.6,1000000000,1.10244903336008e-07
-1.8,0.7,1000000000,1.13959933660972e-07
-1.8,0.8,1000000000,1.17340581906719e-07
-1.8,0.9,1000000000,1.20448982797892e-07
-1.8,1,1000000000,1.2333471957593e-07
-1.8,1.1,1000000000,1.26037343023378e-07
-1.8,1.2,1000000000,1.2858837670589e-07
-1.8,1.3,1000000000,1.31012917403034e-07
-1.8,1.4,1000000000,1.3333091523881e-07
-1.8,1.5,1000000000,1.35558199417144e-07
-1.8,1.6,1000000000,1.37707301240349e-07
-1.8,1.7,1000000000,1.39788115140654e-07
-1.8,1.8,1000000000,1.41808429974014e-07
-1.8,1.9,1000000000,1.43774356212296e-07
-1.8,2,1000000000,1.45690669481598e-07
-1.8,2.1,1000000000,1.47561086801415e-07
-1.8,2.2,1000000000,1.49388488635053e-07
-1.8,2.3,1000000000,1.51175097279692e-07
-1.8,2.4,1000000000,1.52922620062771e-07
-1.8,2.5,1000000000,1.54632364160761e-07
-1.8,2.6,1000000000,1.56305328532023e-07
-1.8,2.7,1000000000,1.57942277391189e-07
-1.8,2.8,1000000000,1.59543798796152e-07
-1.8,2.9,1000000000,1.61110351229102e-07
-1.8,3,1000000000,1.62642300497265e-07
-1.8,3.1,1000000000,1.64139948830843e-07
-1.8,3.2,1000000000,1.6560355769427e-07
-1.8,3.3,1000000000,1.67033365535301e-07
-1.8,3.4,1000000000,1.68429601461198e-07
-1.8,3.5,1000000000,1.69792495641435e-07
-1.8,3.6,1000000000,1.7112228708313e-07
-1.8,3.7,1000000000,1.72419229301712e-07
-1.8,3.8,1000000000,1.73683594309486e-07
-1.8,3.9,1000000000,1.7491567526411e-07
-1.8,4,1000000000,1.76115788053827e-07
-1.8,4.1,1000000000,1.7728427204365e-07
-1.8,4.2,1000000000,1.7842149016408e-07
-1.8,4.3,1000000000,1.79527828489468e-07
-1.8,4.4,1000000000,1.80603695425209e-07
-1.8,4.5,1000000000,1.81649520600296e-07
-1.8,4.6,1000000000,1.82665753543378e-07
-1.8,4.7,1000000000,1.83652862205518e-07
-1.8,4.8,1000000000,1.84611331380684e-07
-1.8,4.9,1000000000,1.85541661065062e-07
-1.8,5,1000000000,1.86444364788208e-07
-1.7,0,1000000000,8.97281086269592e-08
-1.7,0.1,1000000000,9.9985313171705e-08
-1.7,0.2,1000000000,1.08711033105362e-07
-1.7,0.3,1000000000,1.16210820350699e-07
-1.7,0.4,1000000000,1.22727123877085e-07
-1.7,0.5,1000000000,1.28452621854939e-07
-1.7,0.6,1000000000,1.33540658752766e-07
-1.7,0.7,1000000000,1.38113419568584e-07
-1.7,0.8,1000000000,1.42268344955993e-07
-1.7,0.9,1000000000,1.46083180734702e-07
-1.7,1,1000000000,1.4961996582419e-07
-1.7,1.1,1000000000,1.52928192428877e-07
-1.7,1.2,1000000000,1.5604731822947e-07
-1.7,1.3,1000000000,1.5900876909761e-07
-1.7,1.4,1000000000,1.61837539516851e-07
-1.7,1.5,1000000000,1.64553474068605e-07
-1.7,1.6,1000000000,1.67172295163184e-07
-1.7,1.7,1000000000,1.69706428251651e-07
-1.7,1.8,1000000000,1.72165664990536e-07
-1.7,1.9,1000000000,1.74557696468488e-07
-1.7,2,1000000000,1.76888542064663e-07
-1.7,2.1,1000000000,1.79162894365194e-07
-1.7,2.2,1000000000,1.81384396497241e-07
-1.7,2.3,1000000000,1.83555865010138e-07
-1.7,2.4,1000000000,1.85679468858015e-07
-1.7,2.5,1000000000,1.87756872979032e-07
-1.7,2.6,1000000000,1.89789353315515e-07
-1.7,2.7,1000000000,1.91777888793335e-07
-1.7,2.8,1000000000,1.93723234712304e-07
-1.7,2.9,1000000000,1.95625981140485e-07
-1.7,3,1000000000,1.97486599213098e-07
-1.7,3.1,1000000000,1.99305477678532e-07
-1.7,3.2,1000000000,2.01082951583636e-07
-1.7,3.3,1000000000,2.02819324627098e-07
-1.7,3.4,1000000000,2.04514886416391e-07
-1.7,3.5,1000000000,2.06169925627006e-07
-1.7,3.6,1000000000,2.07784739871499e-07
-1.7,3.7,1000000000,2.09359642931516e-07
-1.7,3.8,1000000000,2.10894969881241e-07
-1.7,3.9,1000000000,2.12391080530002e-07
-1.7,4,1000000000,2.13848361530321e-07
-1.7,4.1,1000000000,2.15267227431863e-07
-1.7,4.2,1000000000,2.16648120908502e-07
-1.7,4.3,1000000000,2.17991512342563e-07
-1.7,4.4,1000000000,2.19297898915395e-07
-1.7,4.5,1000000000,2.20567803325066e-07
-1.7,4.6,1000000000,2.21801772228992e-07
-1.7,4.7,1000000000,2.23000374490578e-07
-1.7,4.8,1000000000,2.24164199293739e-07
-1.7,4.9,1000000000,2.25293854176765e-07
-1.7,5,1000000000,2.2638996302683e-07
-1.6,0,1000000000,1.07098168215132e-07
-1.6,0.1,1000000000,1.19870378510557e-07
-1.6,0.2,1000000000,1.30719388591344e-07
-1.6,0.3,1000000000,1.40029137258589e-07
-1.6,0.4,1000000000,1.48104312836528e-07
-1.6,0.5,1000000000,1.55187019807178e-07
-1.6,0.6,1000000000,1.61469890139437e-07
-1.6,0.7,1000000000,1.67106376330845e-07
-1.6,0.8,1000000000,1.72218835245932e-07
-1.6,0.9,1000000000,1.76904889351918e-07
-1.6,1,1000000000,1.81242446501287e-07
-1.6,1.1,1000000000,1.85293673658434e-07
-1.6,1.2,1000000000,1.89108152488785e-07
-1.6,1.3,1000000000,1.9272539261358e-07
-1.6,1.4,1000000000,1.96176838466911e-07
-1.6,1.5,1000000000,1.99487475297482e-07
-1.6,1.6,1000000000,2.02677116665382e-07
-1.6,1.7,1000000000,2.0576143802283e-07
-1.6,1.8,1000000000,2.08752807293022e-07
-1.6,1.9,1000000000,2.11660952767659e-07
-1.6,2,1000000000,2.1449350038465e-07
-1.6,2.1,1000000000,2.17256405969022e-07
-1.6,2.2,1000000000,2.19954302909674e-07
-1.6,2.3,1000000000,2.22590781693604e-07
-1.6,2.4,1000000000,2.25168614494405e-07
-1.6,2.5,1000000000,2.2768993543588e-07
-1.6,2.6,1000000000,2.30156385088082e-07
-1.6,2.7,1000000000,2.32569226096473e-07
-1.6,2.8,1000000000,2.34929435512565e-07
-1.6,2.9,1000000000,2.37237778321578e-07
-1.6,3,1000000000,2.39494865797862e-07
-1.6,3.1,1000000000,2.41701201621341e-07
-1.6,3.2,1000000000,2.43857218125285e-07
-1.6,3.3,1000000000,2.45963304591321e-07
-1.6,3.4,1000000000,2.48019829140611e-07
-1.6,3.5,1000000000,2.50027155473761e-07
-1.6,3.6,1000000000,2.51985655472628e-07
-1.6,3.7,1000000000,2.53895718483744e-07
-1.6,3.8,1000000000,2.55757757946812e-07
-1.6,3.9,1000000000,2.57572215905359e-07
-1.6,4,1000000000,2.59339565834502e-07
-1.6,4.1,1000000000,2.61060314138159e-07
-1.6,4.2,1000000000,2.6273500060115e-07
-1.6,4.3,1000000000,2.64364198027509e-07
-1.6,4.4,1000000000,2.65948511252406e-07
-1.6,4.5,1000000000,2.67488575679518e-07
-1.6,4.6,1000000000,2.68985055466735e-07
-1.6,4.7,1000000000,2.70438641459628e-07
-1.6,4.8,1000000000,2.71850048952943e-07
-1.6,4.9,1000000000,2.73220015344805e-07
-1.6,5,1000000000,2.74549297735586e-07
-1.5,0,1000000000,1.27184339773865e-07
-1.5,0.1,1000000000,1.43128193448698e-07
-1.5,0.2,1000000000,1.56651169096917e-07
-1.5,0.3,1000000000,1.68235907075433e-07
-1.5,0.4,1000000000,1.7826585736939e-07
-1.5,0.5,1000000000,1.8704588518036e-07
-1.5,0.6,1000000000,1.94818627277511e-07
-1.5,0.7,1000000000,2.01777401581929e-07
-1.5,0.8,1000000000,2.08076375337314e-07
-1.5,0.9,1000000000,2.13838576758094e-07
-1.5,1,1000000000,2.19162219008039e-07
-1.5,1.1,1000000000,2.24125705060183e-07
-1.5,1.2,1000000000,2.28791600144177e-07
-1.5,1.3,1000000000,2.33209793864555e-07
-1.5,1.4,1000000000,2.37420023984543e-07
-1.5,1.5,1000000000,2.41453895405513e-07
-1.5,1.6,1000000000,2.4533649842605e-07
-1.5,1.7,1000000000,2.49087707799014e-07
-1.5,1.8,1000000000,2.52723226747761e-07
-1.5,1.9,1000000000,2.56255426680937e-07
-1.5,2,1000000000,2.59694022904115e-07
-1.5,2.1,1000000000,2.63046618454287e-07
-1.5,2.2,1000000000,2.6631914174949e-07
-1.5,2.3,1000000000,2.69516198654217e-07
-1.5,2.4,1000000000,2.72641355513243e-07
-1.5,2.5,1000000000,2.75697366475981e-07
-1.5,2.6,1000000000,2.78686355847054e-07
-1.5,2.7,1000000000,2.8160996412306e-07
-1.5,2.8,1000000000,2.84469464706154e-07
-1.5,2.9,1000000000,2.87265856940752e-07
-1.5,3,1000000000,2.89999940035666e-07
-1.5,3.1,1000000000,2.92672371559379e-07
-1.5,3.2,1000000000,2.9528371348994e-07
-1.5,3.3,1000000000,2.9783446823057e-07
-1.5,3.4,1000000000,3.00325106541207e-07
-1.5,3.5,1000000000,3.02756088963771e-07
-1.5,3.6,1000000000,3.05127882017914e-07
-1.5,3.7,1000000000,3.07440970200679e-07
-1.5,3.8,1000000000,3.09695864626713e-07
-1.5,3.9,1000000000,3.11893108986602e-07
-1.5,4,1000000000,3.14033283372148e-07
-1.5,4.1,1000000000,3.16117006413243e-07
-1.5,4.2,1000000000,3.18144936086692e-07
-1.5,4.3,1000000000,3.20117769488977e-07
-1.5,4.4,1000000000,3.22036241809601e-07
-1.5,4.5,1000000000,3.2390112469671e-07
-1.5,4.6,1000000000,3.25713224170178e-07
-1.5,4.7,1000000000,3.27473378207706e-07
-1.5,4.8,1000000000,3.29182454105297e-07
-1.5,4.9,1000000000,3.30841345693826e-07
-1.5,5,1000000000,3.32450970477335e-07
-1.4,0,1000000000,1.50106420395207e-07
-1.4,0.1,1000000000,1.70058287523161e-07
-1.4,0.2,1000000000,1.86957404394758e-07
-1.4,0.3,1000000000,2.01409820875633e-07
-1.4,0.4,1000000000,2.13898256747562e-07
-1.4,0.5,1000000000,2.24807131740744e-07
-1.4,0.6,1000000000,2.3444272915448e-07
-1.4,0.7,1000000000,2.43049263239302e-07
-1.4,0.8,1000000000,2.50821610341826e-07
-1.4,0.9,1000000000,2.57915375434927e-07
-1.4,1,1000000000,2.64454853497499e-07
-1.4,1.1,1000000000,2.70539336190396e-07
-1.4,1.2,1000000000,2.76248119502458e-07
-1.4,1.3,1000000000,2.81644490343698e-07
-1.4,1.4,1000000000,2.8677890843861e-07
-1.4,1.5,1000000000,2.91691551886822e-07
-1.4,1.6,1000000000,2.96414357729753e-07
-1.4,1.7,1000000000,3.00972660371249e-07
-1.4,1.8,1000000000,3.05386508752961e-07
-1.4,1.9,1000000000,3.09671726215329e-07
-1.4,2,1000000000,3.13840763785835e-07
-1.4,2.1,1000000000,3.17903387325835e-07
-1.4,2.2,1000000000,3.21867230860893e-07
-1.4,2.3,1000000000,3.25738242011148e-07
-1.4,2.4,1000000000,3.2952104034791e-07
-1.4,2.5,1000000000,3.33219205442436e-07
-1.4,2.6,1000000000,3.36835508123163e-07
-1.4,2.7,1000000000,3.40372095849625e-07
-1.4,2.8,1000000000,3.43830641013485e-07
-1.4,2.9,1000000000,3.47212459287091e-07
-1.4,3,1000000000,3.5051860377659e-07
-1.4,3.1,1000000000,3.53749939635927e-07
-1.4,3.2,1000000000,3.56907202908699e-07
-1.4,3.3,1000000000,3.59991046646026e-07
-1.4,3.4,1000000000,3.6300207676736e-07
-1.4,3.5,1000000000,3.65940879661182e-07
-1.4,3.6,1000000000,3.68808043142296e-07
-1.4,3.7,1000000000,3.71604172074943e-07
-1.4,3.8,1000000000,3.74329899722076e-07
-1.4,3.9,1000000000,3.76985895679831e-07
-1.4,4,1000000000,3.79572871093199e-07
-1.4,4.1,1000000000,3.82091581716993e-07
-1.4,4.2,1000000000,3.8454282927925e-07
-1.4,4.3,1000000000,3.86927461517655e-07
-1.4,4.4,1000000000,3.89246371189275e-07
-1.4,4.5,1000000000,3.91500494296884e-07
-1.4,4.6,1000000000,3.93690807728913e-07
-1.4,4.7,1000000000,3.95818326472327e-07
-1.4,4.8,1000000000,3.97884100527172e-07
-1.4,4.9,1000000000,3.99889211626496e-07
-1.4,5,1000000000,4.01834769845036e-07
-1.3,0,1000000000,1.75827539131226e-07
-1.3,0.1,1000000000,2.00850145248563e-07
-1.3,0.2,1000000000,2.22020123770836e-07
-1.3,0.3,1000000000,2.40096036296863e-07
-1.3,0.4,1000000000,2.55684768978042e-07
-1.3,0.5,1000000000,2.69271124798163e-07
-1.3,0.6,1000000000,2.81242218166792e-07
-1.3,0.7,1000000000,2.91907216923197e-07
-1.3,0.8,1000000000,3.01513146835549e-07
-1.3,0.9,1000000000,3.10257472443043e-07
-1.3,1,1000000000,3.18298089778408e-07
-1.3,1.1,1000000000,3.25761263613545e-07
-1.3,1.2,1000000000,3.32747940535497e-07
-1.3,1.3,1000000000,3.39338780353884e-07
-1.3,1.4,1000000000,3.45598175066551e-07
-1.3,1.5,1000000000,3.5157746614625e-07
-1.3,1.6,1000000000,3.5731752511433e-07
-1.3,1.7,1000000000,3.62850826811616e-07
-1.3,1.8,1000000000,3.68203117247637e-07
-1.3,1.9,1000000000,3.7339475656893e-07
-1.3,2,1000000000,3.7844180108355e-07
-1.3,2.1,1000000000,3.83356875296828e-07
-1.3,2.2,1000000000,3.88149874707722e-07
-1.3,2.3,1000000000,3.92828532049147e-07
-1.3,2.4,1000000000,3.9739887324942e-07
-1.3,2.5,1000000000,4.01865584281952e-07
-1.3,2.6,1000000000,4.06232305979518e-07
-1.3,2.7,1000000000,4.10501870604859e-07
-1.3,2.8,1000000000,4.14676491325997e-07
-1.3,2.9,1000000000,4.18757913613437e-07
-1.3,3,1000000000,4.22747535855907e-07
-1.3,3.1,1000000000,4.26646505100878e-07
-1.3,3.2,1000000000,4.30455792701805e-07
-1.3,3.3,1000000000,4.34176253744334e-07
-1.3,3.4,1000000000,4.37808673387635e-07
-1.3,3.5,1000000000,4.41353802661087e-07
-1.3,3.6,1000000000,4.4481238577418e-07
-1.3,3.7,1000000000,4.48185180606917e-07
-1.3,3.8,1000000000,4.51472973731775e-07
-1.3,3.9,1000000000,4.54676591062162e-07
-1.3,4,1000000000,4.57796905014863e-07
-1.3,4.1,1000000000,4.60834838905944e-07
-1.3,4.2,1000000000,4.63791369163346e-07
-1.3,4.3,1000000000,4.66667525828984e-07
-1.3,4.4,1000000000,4.69464391733588e-07
-1.3,4.5,1000000000,4.72183100654787e-07
-1.3,4.6,1000000000,4.74824834709885e-07
-1.3,4.7,1000000000,4.77390821186709e-07
-1.3,4.8,1000000000,4.79882328976873e-07
-1.3,4.9,1000000000,4.82300664743864e-07
-1.3,5,1000000000,4.8464716893247e-07
-1.2,0,1000000000,2.04065715535771e-07
-1.2,0.1,1000000000,2.3550230084655e-07
-1.2,0.2,1000000000,2.6207972499972e-07
-1.2,0.3,1000000000,2.84741674196475e-07
-1.2,0.4,1000000000,3.04248413701618e-07
-1.2,0.5,1000000000,3.2121035490888e-07
-1.2,0.6,1000000000,3.36116730916845e-07
-1.2,0.7,1000000000,3.49359368473618e-07
-1.2,0.8,1000000000,3.61252033611748e-07
-1.2,0.9,1000000000,3.72046004765897e-07
-1.2,1,1000000000,3.81942536878878e-07
-1.2,1.1,1000000000,3.91102813287072e-07
-1.2,1.2,1000000000,3.99655889643828e-07
-1.2,1.3,1000000000,4.07705041242308e-07
-1.2,1.4,1000000000,4.15332842757243e-07
-1.2,1.5,1000000000,4.2260524088422e-07
-1.2,1.6,1000000000,4.29574825233072e-07
-1.2,1.7,1000000000,4.36283459318893e-07
-1.2,1.8,1000000000,4.42764399450162e-07
-1.2,1.9,1000000000,4.4904400275046e-07
-1.2,2,1000000000,4.55143104800913e-07
-1.2,2.1,1000000000,4.61078131126875e-07
-1.2,2.2,1000000000,4.66861993946606e-07
-1.2,2.3,1000000000,4.7250481546703e-07
-1.2,2.4,1000000000,4.78014510955946e-07
-1.2,2.5,1000000000,4.83397258388121e-07
-1.2,2.6,1000000000,4.8865787630832e-07
-1.2,2.7,1000000000,4.9380012741131e-07
-1.2,2.8,1000000000,4.98826962000657e-07
-1.2,2.9,1000000000,5.03740712793541e-07
-1.2,3,1000000000,5.08543250360699e-07
-1.2,3.1,1000000000,5.13236106728201e-07
-1.2,3.2,1000000000,5.17820573240872e-07
-1.2,3.3,1000000000,5.22297777631297e-07
-1.2,3.4,1000000000,5.26668744301875e-07
-1.2,3.5,1000000000,5.30934441068394e-07
-1.2,3.6,1000000000,5.3509581499864e-07
-1.2,3.7,1000000000,5.39153819481025e-07
-1.2,3.8,1000000000,5.43109434254224e-07
-1.2,3.9,1000000000,5.4696367980139e-07
-1.2,4,1000000000,5.50717627247013e-07
-1.2,4.1,1000000000,5.54372404679354e-07
-1.2,4.2,1000000000,5.57929200646799e-07
-1.2,4.3,1000000000,5.61389265434943e-07
-1.2,4.4,1000000000,5.6475391061632e-07
-1.2,4.5,1000000000,5.68024507271366e-07
-1.2,4.6,1000000000,5.71202483203426e-07
-1.2,4.7,1000000000,5.74289319408976e-07
-1.2,4.8,1000000000,5.77286546014027e-07
-1.2,4.9,1000000000,5.8019573784685e-07
-1.2,5,1000000000,5.83018509783834e-07
-1.1,0,1000000000,2.34181376200434e-07
-1.1,0.1,1000000000,2.73714689863455e-07
-1.1,0.2,1000000000,3.07134615225396e-07
-1.1,0.3,1000000000,3.35603651352326e-07
-1.1,0.4,1000000000,3.60067953363602e-07
-1.1,0.5,1000000000,3.81292999720685e-07
-1.1,0.6,1000000000,3.99895842183961e-07
-1.1,0.7,1000000000,4.16372858174785e-07
-1.1,0.8,1000000000,4.31122917148345e-07
-1.1,0.9,1000000000,4.44466360663485e-07
-1.1,1,1000000000,4.56660381641916e-07
-1.1,1.1,1000000000,4.6791141127059e-07
-1.1,1.2,1000000000,4.78385068617548e-07
-1.1,1.3,1000000000,4.88214147107372e-07
-1.1,1.4,1000000000,4.97505028398098e-07
-1.1,1.5,1000000000,5.06342838883649e-07
-1.1,1.6,1000000000,5.14795600586754e-07
-1.1,1.7,1000000000,5.22917576628418e-07
-1.1,1.8,1000000000,5.30751970334217e-07
-1.1,1.9,1000000000,5.38333104545568e-07
-1.1,2,1000000000,5.45688182108685e-07
-1.1,2.1,1000000000,5.5283870833483e-07
-1.1,2.2,1000000000,5.59801640269474e-07
-1.1,2.3,1000000000,5.66590314941546e-07
-1.1,2.4,1000000000,5.73215198666698e-07
-1.1,2.5,1000000000,5.79684491397321e-07
-1.1,2.6,1000000000,5.86004613621844e-07
-1.1,2.7,1000000000,5.9218059808807e-07
-1.1,2.8,1000000000,5.98216404404763e-07
-1.1,2.9,1000000000,6.04115171162119e-07
-1.1,3,1000000000,6.09879417447416e-07
-1.1,3.1,1000000000,6.15511203391397e-07
-1.1,3.2,1000000000,6.21012257563647e-07
-1.1,3.3,1000000000,6.26384077560773e-07
-1.1,3.4,1000000000,6.31628008934738e-07
-1.1,3.5,1000000000,6.36745306637762e-07
-1.1,3.6,1000000000,6.4173718237226e-07
-1.1,3.7,1000000000,6.46604840594954e-07
-1.1,3.8,1000000000,6.51349505405471e-07
-1.1,3.9,1000000000,6.55972440128874e-07
-1.1,4,1000000000,6.6047496106001e-07
-1.1,4.1,1000000000,6.64858446560461e-07
-1.1,4.2,1000000000,6.69124342473993e-07
-1.1,4.3,1000000000,6.73274164643874e-07
-1.1,4.4,1000000000,6.77309499167187e-07
-1.1,4.5,1000000000,6.81232000900888e-07
-1.1,4.6,1000000000,6.85043390636517e-07
-1.1,4.7,1000000000,6.88745451280879e-07
-1.1,4.8,1000000000,6.92340023315252e-07
-1.1,4.9,1000000000,6.95828999752962e-07
-1.1,5,1000000000,6.99214320772138e-07
-0.999999999999999,0,1000000000,2.65043976166991e-07
-0.999999999999999,0.1,1000000000,3.14753950372545e-07
-0.999999999999999,0.2,1000000000,3.56810385924312e-07
-0.999999999999999,0.3,1000000000,3.92624497657205e-07
-0.999999999999999,0.4,1000000000,4.23361486057689e-07
-0.999999999999999,0.5,1000000000,4.49974405218074e-07
-0.999999999999999,0.6,1000000000,4.73237962079049e-07
-0.999999999999999,0.7,1000000000,4.93779404807724e-07
-0.999999999999999,0.8,1000000000,5.12105348107939e-07
-0.999999999999999,0.9,1000000000,5.28624356105163e-07
-0.999999999999999,1,1000000000,5.43665593819726e-07
-0.999999999999999,1.1,1000000000,5.57494056609887e-07
-0.999999999999999,1.2,1000000000,5.70322925764252e-07
-0.999999999999999,1.3,1000000000,5.82323560319286e-07
-0.999999999999999,1.4,1000000000,5.9363356725558e-07
-0.999999999999999,1.5,1000000000,6.04363318867689e-07
-0.999999999999999,1.6,1000000000,6.14601218430091e-07
-0.999999999999999,1.7,1000000000,6.2441795728783e-07
-0.999999999999999,1.8,1000000000,6.33869958684249e-07
-0.999999999999999,1.9,1000000000,6.430021650095e-07
-0.999999999999999,2,1000000000,6.51850294253492e-07
-0.999999999999999,2.1,1000000000,6.6044266681637e-07
-0.999999999999999,2.2,1000000000,6.68801684193832e-07
-0.999999999999999,2.3,1000000000,6.76945025366965e-07
-0.999999999999999,2.4,1000000000,6.84886614155222e-07
-0.999999999999999,2.5,1000000000,6.92637400685217e-07
-0.999999999999999,2.6,1000000000,7.00205991979803e-07
-0.999999999999999,2.7,1000000000,7.07599160085558e-07
-0.999999999999999,2.8,1000000000,7.14822250822236e-07
-0.999999999999999,2.9,1000000000,7.21879511910503e-07
-0.999999999999999,3,1000000000,7.2877435572044e-07
-0.999999999999999,3.1,1000000000,7.35509569027942e-07
-0.999999999999999,3.2,1000000000,7.42087479844993e-07
-0.999999999999999,3.3,1000000000,7.48510089502589e-07
-0.999999999999999,3.4,1000000000,7.54779176630678e-07
-0.999999999999999,3.5,1000000000,7.60896378432083e-07
-0.999999999999999,3.6,1000000000,7.66863253633435e-07
-0.999999999999999,3.7,1000000000,7.72681330672187e-07
-0.999999999999999,3.8,1000000000,7.783521440093e-07
-0.999999999999999,3.9,1000000000,7.83877260913339e-07
-0.999999999999999,4,1000000000,7.89258300620013e-07
-0.999999999999999,4.1,1000000000,7.94496947412367e-07
-0.999999999999999,4.2,1000000000,7.99594958875532e-07
-0.999999999999999,4.3,1000000000,8.04554170343136e-07
-0.999999999999999,4.4,1000000000,8.09376496360329e-07
-0.999999999999999,4.5,1000000000,8.1406392983199e-07
-0.999999999999999,4.6,1000000000,8.18618539397741e-07
-0.999999999999999,4.7,1000000000,8.23042465472044e-07
-0.999999999999999,4.8,1000000000,8.27337915303558e-07
-0.999999999999999,4.9,1000000000,8.31507157339489e-07
-0.999999999999999,5,1000000000,8.35552515124867e-07
-0.899999999999999,0,1000000000,2.94888423245486e-07
-0.899999999999999,0.1,1000000000,3.57297382574292e-07
-0.899999999999999,0.2,1000000000,4.10200378642028e-07
-0.899999999999999,0.3,1000000000,4.55275227475276e-07
-0.899999999999999,0.4,1000000000,4.93934801443058e-07
-0.899999999999999,0.5,1000000000,5.27352371713169e-07
-0.899999999999999,0.6,1000000000,5.56492888189814e-07
-0.899999999999999,0.7,1000000000,5.82144801712622e-07
-0.899999999999999,0.8,1000000000,6.04949546466157e-07
-0.899999999999999,0.9,1000000000,6.25427438087509e-07
-0.899999999999999,1,1000000000,6.43999700870686e-07
-0.899999999999999,1.1,1000000000,6.61006834253149e-07
-0.899999999999999,1.2,1000000000,6.76723743295835e-07
-0.899999999999999,1.3,1000000000,6.91372115374718e-07
-0.899999999999999,1.4,1000000000,7.05130504630698e-07
-0.899999999999999,1.5,1000000000,7.18142532338391e-07
-0.899999999999999,1.6,1000000000,7.305235492842e-07
-0.899999999999999,1.7,1000000000,7.4236604689355e-07
-0.899999999999999,1.8,1000000000,7.53744051732459e-07
-0.899999999999999,1.9,1000000000,7.64716694188494e-07
-0.899999999999999,2,1000000000,7.75331106118619e-07
-0.899999999999999,2.1,1000000000,7.85624772981091e-07
-0.899999999999999,2.2,1000000000,7.95627442294608e-07
-0.899999999999999,2.3,1000000000,8.0536267114129e-07
-0.899999999999999,2.4,1000000000,8.14849079963901e-07
-0.899999999999999,2.5,1000000000,8.24101367380616e-07
-0.899999999999999,2.6,1000000000,8.33131130575189e-07
-0.899999999999999,2.7,1000000000,8.41947527557365e-07
-0.899999999999999,2.8,1000000000,8.50557810862882e-07
-0.899999999999999,2.9,1000000000,8.5896775678303e-07
-0.899999999999999,3,1000000000,8.67182009746949e-07
-0.899999999999999,3.1,1000000000,8.75204357837515e-07
-0.899999999999999,3.2,1000000000,8.83037952451561e-07
-0.899999999999999,3.3,1000000000,8.90685482693546e-07
-0.899999999999999,3.4,1000000000,8.98149313117962e-07
-0.899999999999999,3.5,1000000000,9.05431591827513e-07
-0.899999999999999,3.6,1000000000,9.12534334624261e-07
-0.899999999999999,3.7,1000000000,9.19459489844521e-07
-0.899999999999999,3.8,1000000000,9.26208987640487e-07
-0.899999999999999,3.9,1000000000,9.32784776765582e-07
-0.899999999999999,4,1000000000,9.39188851346402e-07
-0.899999999999999,4.1,1000000000,9.45423269657237e-07
-0.899999999999999,4.2,1000000000,9.51490166533735e-07
-0.899999999999999,4.3,1000000000,9.57391760753679e-07
-0.899999999999999,4.4,1000000000,9.63130358462127e-07
-0.899999999999999,4.5,1000000000,9.68708353514227e-07
-0.899999999999999,4.6,1000000000,9.74128225443222e-07
-0.899999999999999,4.7,1000000000,9.79392535626258e-07
-0.899999999999999,4.8,1000000000,9.84503922110841e-07
-0.899999999999999,4.9,1000000000,9.89465093475436e-07
-0.899999999999999,5,1000000000,9.94278822024818e-07
-0.799999999999999,0,1000000000,3.21182898817974e-07
-0.799999999999999,0.1,1000000000,3.99270918405981e-07
-0.799999999999999,0.2,1000000000,4.65687604134265e-07
-0.799999999999999,0.3,1000000000,5.22370976787958e-07
-0.799999999999999,0.4,1000000000,5.70997057671363e-07
-0.799999999999999,0.5,1000000000,6.12986566202838e-07
-0.799999999999999,0.6,1000000000,6.4952680409595e-07
-0.799999999999999,0.7,1000000000,6.81600140537651e-07
-0.799999999999999,0.8,1000000000,7.10013745605712e-07
-0.799999999999999,0.9,1000000000,7.35427624330431e-07
-0.799999999999999,1,1000000000,7.58379592330897e-07
-0.799999999999999,1.1,1000000000,7.79306781509059e-07
-0.799999999999999,1.2,1000000000,7.98563772039458e-07
-0.799999999999999,1.3,1000000000,8.16437681515726e-07
-0.799999999999999,1.4,1000000000,8.33160621456772e-07
-0.799999999999999,1.5,1000000000,8.48919930468522e-07
-0.799999999999999,1.6,1000000000,8.63866556159225e-07
-0.799999999999999,1.7,1000000000,8.78121908242093e-07
-0.799999999999999,1.8,1000000000,8.91783454949459e-07
-0.799999999999999,1.9,1000000000,9.04929289082676e-07
-0.799999999999999,2,1000000000,9.17621850439255e-07
-0.799999999999999,2.1,1000000000,9.29910958065823e-07
-0.799999999999999,2.2,1000000000,9.41836278177371e-07
-0.799999999999999,2.3,1000000000,9.5342933085028e-07
-0.799999999999999,2.4,1000000000,9.64715119936562e-07
-0.799999999999999,2.5,1000000000,9.75713455347098e-07
-0.799999999999999,2.6,1000000000,9.86440024309475e-07
-0.799999999999999,2.7,1000000000,9.96907257923266e-07
-0.799999999999999,2.8,1000000000,1.00712503090425e-06
-0.799999999999999,2.9,1000000000,1.01710122549625e-06
-0.799999999999999,3,1000000000,1.02684218486277e-06
-0.799999999999999,3.1,1000000000,1.03635307662781e-06
-0.799999999999999,3.2,1000000000,1.04563818343353e-06
-0.799999999999999,3.3,1000000000,1.05470113427095e-06
-0.799999999999999,3.4,1000000000,1.06354508779629e-06
-0.799999999999999,3.5,1000000000,1.07217287676636e-06
-0.799999999999999,3.6,1000000000,1.08058712102954e-06
-0.799999999999999,3.7,1000000000,1.0887903151237e-06
-0.799999999999999,3.8,1000000000,1.09678489540362e-06
-0.799999999999999,3.9,1000000000,1.1045732907002e-06
-0.799999999999999,4,1000000000,1.11215795976419e-06
-0.799999999999999,4.1,1000000000,1.11954141813753e-06
-0.799999999999999,4.2,1000000000,1.12672625659843e-06
-0.799999999999999,4.3,1000000000,1.13371515292258e-06
-0.799999999999999,4.4,1000000000,1.14051087837424e-06
-0.799999999999999,4.5,1000000000,1.14711630007346e-06
-0.799999999999999,4.6,1000000000,1.15353438016853e-06
-0.799999999999999,4.7,1000000000,1.15976817256519e-06
-0.799999999999999,4.8,1000000000,1.16582081782091e-06
-0.799999999999999,4.9,1000000000,1.1716955366945e-06
-0.799999999999999,5,1000000000,1.17739562274642e-06
-0.699999999999999,0,1000000000,3.40542820509364e-07
-0.699999999999999,0.1,1000000000,4.37709572730832e-07
-0.699999999999999,0.2,1000000000,5.20770026586086e-07
-0.699999999999999,0.3,1000000000,5.9187572010876e-07
-0.699999999999999,0.4,1000000000,6.52955503790741e-07
-0.699999999999999,0.5,1000000000,7.05690305532761e-07
-0.699999999999999,0.6,1000000000,7.51515442457872e-07
-0.699999999999999,0.7,1000000000,7.91638707815516e-07
-0.699999999999999,0.8,1000000000,8.27065850846273e-07
-0.699999999999999,0.9,1000000000,8.58628111040387e-07
-0.699999999999999,1,1000000000,8.87008766009652e-07
-0.699999999999999,1.1,1000000000,9.12767195590944e-07
-0.699999999999999,1.2,1000000000,9.36359907022897e-07
-0.699999999999999,1.3,1000000000,9.58158489683115e-07
-0.699999999999999,1.4,1000000000,9.78464726812705e-07
-0.699999999999999,1.5,1000000000,9.975231961561e-07
-0.699999999999999,1.6,1000000000,1.0155317127644e-06
-0.699999999999999,1.7,1000000000,1.03264994793504e-06
-0.699999999999999,1.8,1000000000,1.04900652216635e-06
-0.699999999999999,1.9,1000000000,1.06470482947856e-06
-0.699999999999999,2,1000000000,1.07982781141096e-06
-0.699999999999999,2.1,1000000000,1.09444186389974e-06
-0.699999999999999,2.2,1000000000,1.10860002977954e-06
-0.699999999999999,2.3,1000000000,1.12234460373034e-06
-0.699999999999999,2.4,1000000000,1.13570925467358e-06
-0.699999999999999,2.5,1000000000,1.14872075237713e-06
-0.699999999999999,2.6,1000000000,1.16140036983146e-06
-0.699999999999999,2.7,1000000000,1.17376502033624e-06
-0.699999999999999,2.8,1000000000,1.18582817777228e-06
-0.699999999999999,2.9,1000000000,1.19760061987499e-06
-0.699999999999999,3,1000000000,1.20909102717307e-06
-0.699999999999999,3.1,1000000000,1.22030646435619e-06
-0.699999999999999,3.2,1000000000,1.23125276597784e-06
-0.699999999999999,3.3,1000000000,1.24193484440403e-06
-0.699999999999999,3.4,1000000000,1.2523569346387e-06
-0.699999999999999,3.5,1000000000,1.26252278796645e-06
-0.699999999999999,3.6,1000000000,1.27243582415018e-06
-0.699999999999999,3.7,1000000000,1.28209925011881e-06
-0.699999999999999,3.8,1000000000,1.29151615160724e-06
-0.699999999999999,3.9,1000000000,1.30068956300788e-06
-0.699999999999999,4,1000000000,1.30962251971202e-06
-0.699999999999999,4.1,1000000000,1.31831809641893e-06
-0.699999999999999,4.2,1000000000,1.32677943423905e-06
-0.699999999999999,4.3,1000000000,1.33500975888634e-06
-0.699999999999999,4.4,1000000000,1.3430123918228e-06
-0.699999999999999,4.5,1000000000,1.35079075586598e-06
-0.699999999999999,4.6,1000000000,1.3583483764843e-06
-0.699999999999999,4.7,1000000000,1.36568887977139e-06
-0.699999999999999,4.8,1000000000,1.3728159879014e-06
-0.699999999999999,4.9,1000000000,1.37973351271232e-06
-0.699999999999999,5,1000000000,1.38644534793908e-06
-0.599999999999999,0,1000000000,3.48737722540288e-07
-0.599999999999999,0.1,1000000000,4.68683467126917e-07
-0.599999999999999,0.2,1000000000,5.71926294956566e-07
-0.599999999999999,0.3,1000000000,6.60726715128799e-07
-0.599999999999999,0.4,1000000000,7.37214073826839e-07
-0.599999999999999,0.5,1000000000,8.03314748014256e-07
-0.599999999999999,0.6,1000000000,8.60721750274469e-07
-0.599999999999999,0.7,1000000000,9.1089215855618e-07
-0.599999999999999,0.8,1000000000,9.55061067158628e-07
-0.599999999999999,0.9,1000000000,9.94263855254079e-07
-0.599999999999999,1,1000000000,1.02936141837396e-06
-0.599999999999999,1.1,1000000000,1.06106519986626e-06
-0.599999999999999,1.2,1000000000,1.08996036196961e-06
-0.599999999999999,1.3,1000000000,1.11652637844553e-06
-0.599999999999999,1.4,1000000000,1.14115487543948e-06
-0.599999999999999,1.5,1000000000,1.16416483489361e-06
-0.599999999999999,1.6,1000000000,1.18581540792667e-06
-0.599999999999999,1.7,1000000000,1.2063166316666e-06
-0.599999999999999,1.8,1000000000,1.22583834342877e-06
-0.599999999999999,1.9,1000000000,1.24451756477836e-06
-0.599999999999999,2,1000000000,1.26246459800794e-06
-0.599999999999999,2.1,1000000000,1.27976804570905e-06
-0.599999999999999,2.2,1000000000,1.29649893371561e-06
-0.599999999999999,2.3,1000000000,1.31271409016084e-06
-0.599999999999999,2.4,1000000000,1.328458909165e-06
-0.599999999999999,2.5,1000000000,1.34376960673357e-06
-0.599999999999999,2.6,1000000000,1.35867505855475e-06
-0.599999999999999,2.7,1000000000,1.37319829421995e-06
-0.599999999999999,2.8,1000000000,1.3873577096133e-06
-0.599999999999999,2.9,1000000000,1.40116804850112e-06
-0.599999999999999,3,1000000000,1.41464119540345e-06
-0.599999999999999,3.1,1000000000,1.42778681438112e-06
-0.599999999999999,3.2,1000000000,1.44061286219077e-06
-0.599999999999999,3.3,1000000000,1.45312599914539e-06
-0.599999999999999,3.4,1000000000,1.46533191679505e-06
-0.599999999999999,3.5,1000000000,1.47723559806359e-06
-0.599999999999999,3.6,1000000000,1.48884152261715e-06
-0.599999999999999,3.7,1000000000,1.5001538278923e-06
-0.599999999999999,3.8,1000000000,1.51117643428787e-06
-0.599999999999999,3.9,1000000000,1.52191314144944e-06
-0.599999999999999,4,1000000000,1.53236770128824e-06
-0.599999999999999,4.1,1000000000,1.54254387232457e-06
-0.599999999999999,4.2,1000000000,1.55244545908799e-06
-0.599999999999999,4.3,1000000000,1.56207633960664e-06
-0.599999999999999,4.4,1000000000,1.57144048344799e-06
-0.599999999999999,4.5,1000000000,1.58054196230879e-06
-0.599999999999999,4.6,1000000000,1.58938495477354e-06
-0.599999999999999,4.7,1000000000,1.59797374655308e-06
-0.599999999999999,4.8,1000000000,1.60631272726398e-06
-0.599999999999999,4.9,1000000000,1.61440638460532e-06
-0.599999999999999,5,1000000000,1.62225929662347e-06
-0.499999999999999,0,1000000000,3.4084242385832e-07
-0.499999999999999,0.1,1000000000,4.87343870925127e-07
-0.499999999999999,0.2,1000000000,6.14573788213955e-07
-0.499999999999999,0.3,1000000000,7.24725229220859e-07
-0.499999999999999,0.4,1000000000,8.20016348412179e-07
-0.499999999999999,0.5,1000000000,9.02560322543376e-07
-0.499999999999999,0.6,1000000000,9.74288118309765e-07
-0.499999999999999,0.7,1000000000,1.03691228303421e-06
-0.499999999999999,0.8,1000000000,1.09191901022659e-06
-0.499999999999999,0.9,1000000000,1.14057763164328e-06
-0.499999999999999,1,1000000000,1.18395948349931e-06
-0.499999999999999,1.1,1000000000,1.22296074489779e-06
-0.499999999999999,1.2,1000000000,1.25832593374893e-06
-0.499999999999999,1.3,1000000000,1.29067021212636e-06
-0.499999999999999,1.4,1000000000,1.32049960103032e-06
-0.499999999999999,1.5,1000000000,1.34822877564805e-06
-0.499999999999999,1.6,1000000000,1.37419643299552e-06
-0.499999999999999,1.7,1000000000,1.39867838892526e-06
-0.499999999999999,1.8,1000000000,1.42189863478697e-06
-0.499999999999999,1.9,1000000000,1.44403860583113e-06
-0.499999999999999,2,1000000000,1.4652449079542e-06
-0.499999999999999,2.1,1000000000,1.48563573059067e-06
-0.499999999999999,2.2,1000000000,1.50530614929158e-06
-0.499999999999999,2.3,1000000000,1.52433249603077e-06
-0.499999999999999,2.4,1000000000,1.54277595073954e-06
-0.499999999999999,2.5,1000000000,1.56068548503844e-06
-0.499999999999999,2.6,1000000000,1.57810026902731e-06
-0.499999999999999,2.7,1000000000,1.59505163438708e-06
-0.499999999999999,2.8,1000000000,1.61156467183567e-06
-0.499999999999999,2.9,1000000000,1.62765952796972e-06
-0.499999999999999,3,1000000000,1.64335245548629e-06
-0.499999999999999,3.1,1000000000,1.65865666147326e-06
-0.499999999999999,3.2,1000000000,1.6735829906555e-06
-0.499999999999999,3.3,1000000000,1.68814047397218e-06
-0.499999999999999,3.4,1000000000,1.70233676744668e-06
-0.499999999999999,3.5,1000000000,1.71617850182459e-06
-0.499999999999999,3.6,1000000000,1.72967155974874e-06
-0.499999999999999,3.7,1000000000,1.74282129418538e-06
-0.499999999999999,3.8,1000000000,1.75563269930359e-06
-0.499999999999999,3.9,1000000000,1.76811054294761e-06
-0.499999999999999,4,1000000000,1.78025946815217e-06
-0.499999999999999,4.1,1000000000,1.79208406976769e-06
-0.499999999999999,4.2,1000000000,1.80358895113171e-06
-0.499999999999999,4.3,1000000000,1.81477876480008e-06
-0.499999999999999,4.4,1000000000,1.82565824059781e-06
-0.499999999999999,4.5,1000000000,1.83623220363591e-06
-0.499999999999999,4.6,1000000000,1.84650558443964e-06
-0.499999999999999,4.7,1000000000,1.85648342292635e-06
-0.499999999999999,4.8,1000000000,1.86617086763903e-06
-0.499999999999999,4.9,1000000000,1.87557317137142e-06
-0.499999999999999,5,1000000000,1.88469568410075e-06
-0.399999999999999,0,1000000000,3.11572070395668e-07
-0.399999999999999,0.1,1000000000,4.881439881752e-07
-0.399999999999999,0.2,1000000000,6.43178957519182e-07
-0.399999999999999,0.3,1000000000,7.78552625273877e-07
-0.399999999999999,0.4,1000000000,8.96387838682524e-07
-0.399999999999999,0.5,1000000000,9.98865083162037e-07
-0.399999999999999,0.6,1000000000,1.08808769210865e-06
-0.399999999999999,0.7,1000000000,1.16599841428482e-06
-0.399999999999999,0.8,1000000000,1.23433677699517e-06
-0.399999999999999,0.9,1000000000,1.29462534424278e-06
-0.399999999999999,1,1000000000,1.34817446066363e-06
-0.399999999999999,1.1,1000000000,1.39609755175511e-06
-0.399999999999999,1.2,1000000000,1.43933149963764e-06
-0.399999999999999,1.3,1000000000,1.47865859902005e-06
-0.399999999999999,1.4,1000000000,1.51472803390095e-06
-0.399999999999999,1.5,1000000000,1.54807577501101e-06
-0.399999999999999,1.6,1000000000,1.57914240074049e-06
-0.399999999999999,1.7,1000000000,1.60828870250514e-06
-0.399999999999999,1.8,1000000000,1.63580913585751e-06
-0.399999999999999,1.9,1000000000,1.66194328150412e-06
-0.399999999999999,2,1000000000,1.68688552516436e-06
-0.399999999999999,2.1,1000000000,1.71079317659063e-06
-0.399999999999999,2.2,1000000000,1.7337932410998e-06
-0.399999999999999,2.3,1000000000,1.75598804062126e-06
-0.399999999999999,2.4,1000000000,1.77745986082371e-06
-0.399999999999999,2.5,1000000000,1.79827477937813e-06
-0.399999999999999,2.6,1000000000,1.818485809547e-06
-0.399999999999999,2.7,1000000000,1.83813547394955e-06
-0.399999999999999,2.8,1000000000,1.85725790594949e-06
-0.399999999999999,2.9,1000000000,1.87588056077007e-06
-0.399999999999999,3,1000000000,1.89402560511916e-06
-0.399999999999999,3.1,1000000000,1.91171104267149e-06
-0.399999999999999,3.2,1000000000,1.92895162302917e-06
-0.399999999999999,3.3,1000000000,1.94575957356997e-06
-0.399999999999999,3.4,1000000000,1.96214518670182e-06
-0.399999999999999,3.5,1000000000,1.978117289289e-06
-0.399999999999999,3.6,1000000000,1.99368361623212e-06
-0.399999999999999,3.7,1000000000,2.0088511062219e-06
-0.399999999999999,3.8,1000000000,2.02362613441428e-06
-0.399999999999999,3.9,1000000000,2.03801469407884e-06
-0.399999999999999,4,1000000000,2.05202253705716e-06
-0.399999999999999,4.1,1000000000,2.06565528105014e-06
-0.399999999999999,4.2,1000000000,2.07891849026462e-06
-0.399999999999999,4.3,1000000000,2.09181773473247e-06
-0.399999999999999,4.4,1000000000,2.10435863262009e-06
-0.399999999999999,4.5,1000000000,2.11654687903479e-06
-0.399999999999999,4.6,1000000000,2.12838826417224e-06
-0.399999999999999,4.7,1000000000,2.13988868310968e-06
-0.399999999999999,4.8,1000000000,2.15105413910981e-06
-0.399999999999999,4.9,1000000000,2.16189074194269e-06
-0.399999999999999,5,1000000000,2.17240470244152e-06
-0.299999999999999,0,1000000000,2.55801662524349e-07
-0.299999999999999,0.1,1000000000,4.65269140265041e-07
-0.299999999999999,0.2,1000000000,6.51573096039832e-07
-0.299999999999999,0.3,1000000000,8.1597316323653e-07
-0.299999999999999,0.4,1000000000,9.60240515657794e-07
-0.299999999999999,0.5,1000000000,1.08643075341116e-06
-0.299999999999999,0.6,1000000000,1.19669178462398e-06
-0.299999999999999,0.7,1000000000,1.29312350591265e-06
-0.299999999999999,0.8,1000000000,1.37768747294456e-06
-0.299999999999999,0.9,1000000000,1.4521572983492e-06
-0.299999999999999,1,1000000000,1.51809872553431e-06
-0.299999999999999,1.1,1000000000,1.57686938884318e-06
-0.299999999999999,1.2,1000000000,1.62963042437394e-06
-0.299999999999999,1.3,1000000000,1.6773643415899e-06
-0.299999999999999,1.4,1000000000,1.72089545294581e-06
-0.299999999999999,1.5,1000000000,1.76091056917156e-06
-0.299999999999999,1.6,1000000000,1.79797864435835e-06
-0.299999999999999,1.7,1000000000,1.83256869425387e-06
-0.299999999999999,1.8,1000000000,1.8650657107016e-06
-0.299999999999999,1.9,1000000000,1.89578453365694e-06
-0.299999999999999,2,1000000000,1.92498177664103e-06
-0.299999999999999,2.1,1000000000,1.95286597057525e-06
-0.299999999999999,2.2,1000000000,1.97960612003186e-06
-0.299999999999999,2.3,1000000000,2.00533887126818e-06
-0.299999999999999,2.4,1000000000,2.03017448323064e-06
-0.299999999999999,2.5,1000000000,2.05420177741697e-06
-0.299999999999999,2.6,1000000000,2.07749222401612e-06
-0.299999999999999,2.7,1000000000,2.10010330249029e-06
-0.299999999999999,2.8,1000000000,2.12208125611319e-06
-0.299999999999999,2.9,1000000000,2.1434633426935e-06
-0.299999999999999,3,1000000000,2.16427966815547e-06
-0.299999999999999,3.1,1000000000,2.18455467593403e-06
-0.299999999999999,3.2,1000000000,2.2043083532384e-06
-0.299999999999999,3.3,1000000000,2.22355720502846e-06
-0.299999999999999,3.4,1000000000,2.24231503787402e-06
-0.299999999999999,3.5,1000000000,2.26059358855202e-06
-0.299999999999999,3.6,1000000000,2.27840302610769e-06
-0.299999999999999,3.7,1000000000,2.29575235099395e-06
-0.299999999999999,3.8,1000000000,2.31264971066092e-06
-0.299999999999999,3.9,1000000000,2.32910264745671e-06
-0.299999999999999,4,1000000000,2.345118291805e-06
-0.299999999999999,4.1,1000000000,2.3607035112432e-06
-0.299999999999999,4.2,1000000000,2.37586502394872e-06
-0.299999999999999,4.3,1000000000,2.39060948377849e-06
-0.299999999999999,4.4,1000000000,2.4049435425349e-06
-0.299999999999999,4.5,1000000000,2.41887389410024e-06
-0.299999999999999,4.6,1000000000,2.43240730420605e-06
-0.299999999999999,4.7,1000000000,2.44555062889095e-06
-0.299999999999999,4.8,1000000000,2.45831082411868e-06
-0.299999999999999,4.9,1000000000,2.47069494855448e-06
-0.299999999999999,5,1000000000,2.48271016111265e-06
-0.199999999999999,0,1000000000,1.69186222528544e-07
-0.199999999999999,0.1,1000000000,4.13488133053387e-07
-0.199999999999999,0.2,1000000000,6.33952426372957e-07
-0.199999999999999,0.3,1000000000,8.3095833006023e-07
-0.199999999999999,0.4,1000000000,1.00562574298935e-06
-0.199999999999999,0.5,1000000000,1.15962440439281e-06
-0.199999999999999,0.6,1000000000,1.29494801214614e-06
-0.199999999999999,0.7,1000000000,1.41371876550888e-06
-0.199999999999999,0.8,1000000000,1.51804079812671e-06
-0.199999999999999,0.9,1000000000,1.60990236194704e-06
-0.199999999999999,1,1000000000,1.69111882093633e-06
-0.199999999999999,1.1,1000000000,1.76330624610224e-06
-0.199999999999999,1.2,1000000000,1.82787601937148e-06
-0.199999999999999,1.3,1000000000,1.88604267612932e-06
-0.199999999999999,1.4,1000000000,1.93883925998034e-06
-0.199999999999999,1.5,1000000000,1.98713625630445e-06
-0.199999999999999,1.6,1000000000,2.03166156150388e-06
-0.199999999999999,1.7,1000000000,2.07301994347706e-06
-0.199999999999999,1.8,1000000000,2.11171112888684e-06
-0.199999999999999,1.9,1000000000,2.14814609687043e-06
-0.199999999999999,2,1000000000,2.1826614377755e-06
-0.199999999999999,2.1,1000000000,2.21553180304387e-06
-0.199999999999999,2.2,1000000000,2.24698056672123e-06
-0.199999999999999,2.3,1000000000,2.27718886643702e-06
-0.199999999999999,2.4,1000000000,2.30630320963629e-06
-0.199999999999999,2.5,1000000000,2.33444183095991e-06
-0.199999999999999,2.6,1000000000,2.36169997655075e-06
-0.199999999999999,2.7,1000000000,2.38815427561333e-06
-0.199999999999999,2.8,1000000000,2.41386634186283e-06
-0.199999999999999,2.9,1000000000,2.43888572948669e-06
-0.199999999999999,3,1000000000,2.46325235101973e-06
-0.199999999999999,3.1,1000000000,2.48699844871059e-06
-0.199999999999999,3.2,1000000000,2.51015019680801e-06
-0.199999999999999,3.3,1000000000,2.53272899978726e-06
-0.199999999999999,3.4,1000000000,2.55475254081184e-06
-0.199999999999999,3.5,1000000000,2.57623562556185e-06
-0.199999999999999,3.6,1000000000,2.59719085880401e-06
-0.199999999999999,3.7,1000000000,2.61762918454652e-06
-0.199999999999999,3.8,1000000000,2.6375603151735e-06
-0.199999999999999,3.9,1000000000,2.65699307041044e-06
-0.199999999999999,4,1000000000,2.67593564321328e-06
-0.199999999999999,4.1,1000000000,2.69439580656562e-06
-0.199999999999999,4.2,1000000000,2.71238107260774e-06
-0.199999999999999,4.3,1000000000,2.72989881342071e-06
-0.199999999999999,4.4,1000000000,2.746956351056e-06
-0.199999999999999,4.5,1000000000,2.76356102299591e-06
-0.199999999999999,4.6,1000000000,2.77972022806608e-06
-0.199999999999999,4.7,1000000000,2.79544145687811e-06
-0.199999999999999,4.8,1000000000,2.81073231011422e-06
-0.199999999999999,4.9,1000000000,2.82560050732753e-06
-0.199999999999999,5,1000000000,2.84005388842683e-06
-0.0999999999999994,0,1000000000,4.85967123796209e-08
-0.0999999999999994,0.1,1000000000,3.778951018459e-07
-0.0999999999999994,0.2,1000000000,6.84180168571705e-07
-0.0999999999999994,0.3,1000000000,9.67271778379871e-07
-0.0999999999999994,0.4,1000000000,1.22768496008401e-06
-0.0999999999999994,0.5,1000000000,1.46670234866227e-06
-0.0999999999999994,0.6,1000000000,1.68618660125725e-06
-0.0999999999999994,0.7,1000000000,1.88835212317854e-06
-0.0999999999999994,0.8,1000000000,2.07556285007615e-06
-0.0999999999999994,0.9,1000000000,2.25017634476159e-06
-0.0999999999999994,1,1000000000,2.41443582700735e-06
-0.0999999999999994,1.1,1000000000,2.57040356878637e-06
-0.0999999999999994,1.2,1000000000,2.7199263138772e-06
-0.0999999999999994,1.3,1000000000,2.86462353186065e-06
-0.0999999999999994,1.4,1000000000,3.00589079381709e-06
-0.0999999999999994,1.5,1000000000,3.14491238847225e-06
-0.0999999999999994,1.6,1000000000,3.28267898761693e-06
-0.0999999999999994,1.7,1000000000,3.42000753163036e-06
-0.0999999999999994,1.8,1000000000,3.55756151917504e-06
-0.0999999999999994,1.9,1000000000,3.69587059950899e-06
-0.0999999999999994,2,1000000000,3.835348849685e-06
-0.0999999999999994,2.1,1000000000,3.97631143545988e-06
-0.0999999999999994,2.2,1000000000,4.11898955473105e-06
-0.0999999999999994,2.3,1000000000,4.26354368344049e-06
-0.0999999999999994,2.4,1000000000,4.41007521288281e-06
-0.0999999999999994,2.5,1000000000,4.55863660280812e-06
-0.0999999999999994,2.6,1000000000,4.70924018912432e-06
-0.0999999999999994,2.7,1000000000,4.86186578672461e-06
-0.0999999999999994,2.8,1000000000,5.01646722246736e-06
-0.0999999999999994,2.9,1000000000,5.17297792401513e-06
-0.0999999999999994,3,1000000000,5.33131567926634e-06
-0.0999999999999994,3.1,1000000000,5.49138666983681e-06
-0.0999999999999994,3.2,1000000000,5.65308887102622e-06
-0.0999999999999994,3.3,1000000000,5.81631490047465e-06
-0.0999999999999994,3.4,1000000000,5.98095438831305e-06
-0.0999999999999994,3.5,1000000000,6.14689593314089e-06
-0.0999999999999994,3.6,1000000000,6.31402870055339e-06
-0.0999999999999994,3.7,1000000000,6.48224371415865e-06
-0.0999999999999994,3.8,1000000000,6.65143488296168e-06
-0.0999999999999994,3.9,1000000000,6.82149980363348e-06
-0.0999999999999994,4,1000000000,6.99234037134865e-06
-0.0999999999999994,4.1,1000000000,7.16386322866754e-06
-0.0999999999999994,4.2,1000000000,7.3359800781274e-06
-0.0999999999999994,4.3,1000000000,7.5086078808514e-06
-0.0999999999999994,4.4,1000000000,7.68166896052973e-06
-0.0999999999999994,4.5,1000000000,7.8550910294882e-06
-0.0999999999999994,4.6,1000000000,8.02880715122051e-06
-0.0999999999999994,4.7,1000000000,8.20275565177239e-06
-0.0999999999999994,4.8,1000000000,8.37687999051828e-06
-0.0999999999999994,4.9,1000000000,8.55112859929208e-06
-0.0999999999999994,5,1000000000,8.72545469755847e-06
6.38378239159465e-16,0,1000000000,-1.0866873253875e-07
6.38378239159465e-16,0.1,1000000000,3.81716492787632e-06
6.38378239159465e-16,0.2,1000000000,7.75281588678835e-06
6.38378239159465e-16,0.3,1000000000,1.17169230894063e-05
6.38378239159465e-16,0.4,1000000000,1.57273455767602e-05
6.38378239159465e-16,0.5,1000000000,1.98021328125429e-05
6.38378239159465e-16,0.6,1000000000,2.39594009388571e-05
6.38378239159465e-16,0.7,1000000000,2.82169576169283e-05
6.38378239159465e-16,0.8,1000000000,3.25918988770848e-05
6.38378239159465e-16,0.9,1000000000,3.71002495413613e-05
6.38378239159465e-16,1,1000000000,4.17566722448495e-05
6.38378239159465e-16,1.1,1000000000,4.65742506957407e-05
6.38378239159465e-16,1.2,1000000000,5.15643434247145e-05
6.38378239159465e-16,1.3,1000000000,5.67365001077624e-05
6.38378239159465e-16,1.4,1000000000,6.2098431325194e-05
6.38378239159465e-16,1.5,1000000000,6.76560228752728e-05
6.38378239159465e-16,1.6,1000000000,7.3413386583679e-05
6.38378239159465e-16,1.7,1000000000,7.93729404647625e-05
6.38378239159465e-16,1.8,1000000000,8.55355119071402e-05
6.38378239159465e-16,1.9,1000000000,9.19004582416731e-05
6.38378239159465e-16,2,1000000000,9.8465799634017e-05
6.38378239159465e-16,2.1,1000000000,0.000105228359771996
6.38378239159465e-16,2.2,1000000000,0.000112183910325606
6.38378239159465e-16,2.3,1000000000,0.000119327315664816
6.38378239159465e-16,2.4,1000000000,0.000126652674833227
6.38378239159465e-16,2.5,1000000000,0.000134153458289851
6.38378239159465e-16,2.6,1000000000,0.000141822637435598
6.38378239159465e-16,2.7,1000000000,0.000149652805424064
6.38378239159465e-16,2.8,1000000000,0.000157636288204354
6.38378239159465e-16,2.9,1000000000,0.000165765245148116
6.38378239159465e-16,3,1000000000,0.000174031758966988
6.38378239159465e-16,3.1,1000000000,0.000182427914925453
6.38378239159465e-16,3.2,1000000000,0.00019094586959923
6.38378239159465e-16,3.3,1000000000,0.000199577909620684
6.38378239159465e-16,3.4,1000000000,0.00020831650099576
6.38378239159465e-16,3.5,1000000000,0.000217154329675777
6.38378239159465e-16,3.6,1000000000,0.000226084334128829
6.38378239159465e-16,3.7,1000000000,0.000235099730684525
6.38378239159465e-16,3.8,1000000000,0.000244194032429464
6.38378239159465e-16,3.9,1000000000,0.000253361062413923
6.38378239159465e-16,4,1000000000,0.00026259496189834
6.38378239159465e-16,4.1,1000000000,0.000271890194325
6.38378239159465e-16,4.2,1000000000,0.000281241545650817
6.38378239159465e-16,4.3,1000000000,0.000290644121622389
6.38378239159465e-16,4.4,1000000000,0.00030009334251947
6.38378239159465e-16,4.5,1000000000,0.000309584935837046
6.38378239159465e-16,4.6,1000000000,0.000319114927322546
6.38378239159465e-16,4.7,1000000000,0.000328679630733967
6.38378239159465e-16,4.8,1000000000,0.000338275636636337
6.38378239159465e-16,4.9,1000000000,0.000347899800510531
6.38378239159465e-16,5,1000000000,0.000357549230408128
0.100000000000001,0,1000000000,-3.14175130828238e-07
0.100000000000001,0.1,1000000000,9.99064195648166e-05
0.100000000000001,0.2,1000000000,0.000200775072765029
0.100000000000001,0.3,1000000000,0.000302687856321077
0.100000000000001,0.4,1000000000,0.000406023549110434
0.100000000000001,0.5,1000000000,0.000511143687974958
0.100000000000001,0.6,1000000000,0.000618388358828685
0.100000000000001,0.7,1000000000,0.000728071411554834
0.100000000000001,0.8,1000000000,0.000840476045841546
0.100000000000001,0.9,1000000000,0.000955851077608408
0.100000000000001,1,1000000000,0.00107440802030093
0.100000000000001,1.1,1000000000,0.00119631904226635
0.100000000000001,1.2,1000000000,0.00132171581409479
0.100000000000001,1.3,1000000000,0.00145068922278679
0.100000000000001,1.4,1000000000,0.00158328989982002
0.100000000000001,1.5,1000000000,0.00171952948681254
0.100000000000001,1.6,1000000000,0.00185938254511859
0.100000000000001,1.7,1000000000,0.00200278900406358
0.100000000000001,1.8,1000000000,0.00214965703633903
0.100000000000001,1.9,1000000000,0.00229986624794402
0.100000000000001,2,1000000000,0.00245327107341978
0.100000000000001,2.1,1000000000,0.00260970427425825
0.100000000000001,2.2,1000000000,0.00276898044842881
0.100000000000001,2.3,1000000000,0.00293089947106643
0.100000000000001,2.4,1000000000,0.00309524979961988
0.100000000000001,2.5,1000000000,0.00326181159036804
0.100000000000001,2.6,1000000000,0.00343035958650118
0.100000000000001,2.7,1000000000,0.00360066575039401
0.100000000000001,2.8,1000000000,0.00377250162389207
0.100000000000001,2.9,1000000000,0.00394564041015128
0.100000000000001,3,1000000000,0.00411985877870571
0.100000000000001,3.1,1000000000,0.00429493840198355
0.100000000000001,3.2,1000000000,0.00447066723651897
0.100000000000001,3.3,1000000000,0.00464684056575225
0.100000000000001,3.4,1000000000,0.00482326182372869
0.100000000000001,3.5,1000000000,0.00499974322038746
0.100000000000001,3.6,1000000000,0.00517610618965093
0.100000000000001,3.7,1000000000,0.0053521816813605
0.100000000000001,3.8,1000000000,0.00552781031741949
0.100000000000001,3.9,1000000000,0.00570284243143388
0.100000000000001,4,1000000000,0.00587713800981346
0.100000000000001,4.1,1000000000,0.00605056655080915
0.100000000000001,4.2,1000000000,0.00622300685639585
0.100000000000001,4.3,1000000000,0.00639434677032995
0.100000000000001,4.4,1000000000,0.00656448287416674
0.100000000000001,4.5,1000000000,0.00673332015154196
0.100000000000001,4.6,1000000000,0.00690077162963923
0.100000000000001,4.7,1000000000,0.00706675800548331
0.100000000000001,4.8,1000000000,0.00723120726353559
0.100000000000001,4.9,1000000000,0.00739405429001866
0.100000000000001,5,1000000000,0.00755524048846411
0.200000000000001,0,1000000000,-6.72636399366885e-07
0.200000000000001,0.1,1000000000,0.00119210078799195
0.200000000000001,0.2,1000000000,0.00237415420808043
0.200000000000001,0.3,1000000000,0.00354625041644397
0.200000000000001,0.4,1000000000,0.00470894556423741
0.200000000000001,0.5,1000000000,0.00586255017514453
0.200000000000001,0.6,1000000000,0.00700708541329935
0.200000000000001,0.7,1000000000,0.00814225107260858
0.200000000000001,0.8,1000000000,0.00926740938080591
0.200000000000001,0.9,1000000000,0.0103815852670713
0.200000000000001,1,1000000000,0.0114834823557114
0.200000000000001,1.1,1000000000,0.012571513095722
0.200000000000001,1.2,1000000000,0.0136438408077111
0.200000000000001,1.3,1000000000,0.014698430983472
0.200000000000001,1.4,1000000000,0.015733108915072
0.200000000000001,1.5,1000000000,0.0167456206622123
0.200000000000001,1.6,1000000000,0.017733694477763
0.200000000000001,1.7,1000000000,0.0186951000771159
0.200000000000001,1.8,1000000000,0.0196277035224363
0.200000000000001,1.9,1000000000,0.0205295159573983
0.200000000000001,2,1000000000,0.0213987349298574
0.200000000000001,2.1,1000000000,0.0222337775405582
0.200000000000001,2.2,1000000000,0.0230333051230131
0.200000000000001,2.3,1000000000,0.0237962395688997
0.200000000000001,2.4,1000000000,0.0245217717492804
0.200000000000001,2.5,1000000000,0.0252093627376326
0.200000000000001,2.6,1000000000,0.0258587387162904
0.200000000000001,2.7,1000000000,0.0264698805492402
0.200000000000001,2.8,1000000000,0.0270430090408881
0.200000000000001,2.9,1000000000,0.0275785668841477
0.200000000000001,3,1000000000,0.0280771982444077
0.200000000000001,3.1,1000000000,0.028539726840568
0.200000000000001,3.2,1000000000,0.0289671332811843
0.200000000000001,3.3,1000000000,0.029360532301935
0.200000000000001,3.4,1000000000,0.0297211504374349
0.200000000000001,3.5,1000000000,0.0300503045513525
0.200000000000001,3.6,1000000000,0.0303493815476911
0.200000000000001,3.7,1000000000,0.0306198194953628
0.200000000000001,3.8,1000000000,0.0308630903190944
0.200000000000001,3.9,1000000000,0.031080684142577
0.200000000000001,4,1000000000,0.0312740953143236
0.200000000000001,4.1,1000000000,0.0314448101021512
0.200000000000001,4.2,1000000000,0.0315942960075389
0.200000000000001,4.3,1000000000,0.0317239926251379
0.200000000000001,4.4,1000000000,0.0318353039542135
0.200000000000001,4.5,1000000000,0.0319295920565878
0.200000000000001,4.6,1000000000,0.0320081719486051
0.200000000000001,4.7,1000000000,0.0320723076117616
0.200000000000001,4.8,1000000000,0.0321232090070156
0.200000000000001,4.9,1000000000,0.0321620299806688
0.200000000000001,5,1000000000,0.032189866954416
0.300000000000001,0,1000000000,-1.83450895057519e-06
0.300000000000001,0.1,1000000000,0.00641015303926835
0.300000000000001,0.2,1000000000,0.0123403904019865
0.300000000000001,0.3,1000000000,0.0177716946389104
0.300000000000001,0.4,1000000000,0.022701687437034
0.300000000000001,0.5,1000000000,0.0271391026242605
0.300000000000001,0.6,1000000000,0.0311006621922049
0.300000000000001,0.7,1000000000,0.0346085861783968
0.300000000000001,0.8,1000000000,0.0376886863258652
0.300000000000001,0.9,1000000000,0.0403689500171494
0.300000000000001,1,1000000000,0.0426785118584795
0.300000000000001,1.1,1000000000,0.0446469177087846
0.300000000000001,1.2,1000000000,0.0463036004845271
0.300000000000001,1.3,1000000000,0.0476775036079967
0.300000000000001,1.4,1000000000,0.0487968038396053
0.300000000000001,1.5,1000000000,0.0496886991862912
0.300000000000001,1.6,1000000000,0.0503792391280059
0.300000000000001,1.7,1000000000,0.0508931834807576
0.300000000000001,1.8,1000000000,0.0512538829524215
0.300000000000001,1.9,1000000000,0.0514831790848661
0.300000000000001,2,1000000000,0.0516013241067328
0.300000000000001,2.1,1000000000,0.0516269225711124
0.300000000000001,2.2,1000000000,0.0515768968626925
0.300000000000001,2.3,1000000000,0.05146647807008
0.300000000000001,2.4,1000000000,0.0513092226517762
0.300000000000001,2.5,1000000000,0.0511170540611869
0.300000000000001,2.6,1000000000,0.0509003272656448
0.300000000000001,2.7,1000000000,0.0506679130617305
0.300000000000001,2.8,1000000000,0.0504272983536457
0.300000000000001,2.9,1000000000,0.0501846981621638
0.300000000000001,3,1000000000,0.0499451750585273
0.300000000000001,3.1,1000000000,0.0497127619250855
0.300000000000001,3.2,1000000000,0.0494905843664982
0.300000000000001,3.3,1000000000,0.0492809796587239
0.300000000000001,3.4,1000000000,0.0490856097576848
0.300000000000001,3.5,1000000000,0.0489055665354085
0.300000000000001,3.6,1000000000,0.0487414680223078
0.300000000000001,3.7,1000000000,0.0485935449783694
0.300000000000001,3.8,1000000000,0.0484617175752337
0.300000000000001,3.9,1000000000,0.0483456623386256
0.300000000000001,4,1000000000,0.0482448697780583
0.300000000000001,4.1,1000000000,0.0481586933257425
0.300000000000001,4.2,1000000000,0.0480863903301862
0.300000000000001,4.3,1000000000,0.048027155914522
0.300000000000001,4.4,1000000000,0.0479801505277029
0.300000000000001,4.5,1000000000,0.0479445220000012
0.300000000000001,4.6,1000000000,0.0479194228729713
0.300000000000001,4.7,1000000000,0.0479040237167378
0.300000000000001,4.8,1000000000,0.0478975230810209
0.300000000000001,4.9,1000000000,0.0478991546559784
0.300000000000001,5,1000000000,0.0479081921486267
0.400000000000001,0,1000000000,-5.78006043038735e-06
0.400000000000001,0.1,1000000000,0.0156521641113662
0.400000000000001,0.2,1000000000,0.0287365937581367
0.400000000000001,0.3,1000000000,0.0394047995486201
0.400000000000001,0.4,1000000000,0.0479004803031465
0.400000000000001,0.5,1000000000,0.0544986230630143
0.400000000000001,0.6,1000000000,0.0594754030759179
0.400000000000001,0.7,1000000000,0.0630930874446005
0.400000000000001,0.8,1000000000,0.0655930980253293
0.400000000000001,0.9,1000000000,0.0671931302504441
0.400000000000001,1,1000000000,0.0680861340123915
0.400000000000001,1.1,1000000000,0.0684401490723745
0.400000000000001,1.2,1000000000,0.0683986479286504
0.400000000000001,1.3,1000000000,0.0680813444010247
0.400000000000001,1.4,1000000000,0.0675855088721742
0.400000000000001,1.5,1000000000,0.0669877941437381
0.400000000000001,1.6,1000000000,0.0663464968493349
0.400000000000001,1.7,1000000000,0.0657041098755131
0.400000000000001,1.8,1000000000,0.0650899868005893
0.400000000000001,1.9,1000000000,0.0645229438179757
0.400000000000001,2,1000000000,0.0640136581437267
0.400000000000001,2.1,1000000000,0.0635667696562671
0.400000000000001,2.2,1000000000,0.0631826410397338
0.400000000000001,2.3,1000000000,0.0628587721687945
0.400000000000001,2.4,1000000000,0.0625908930472615
0.400000000000001,2.5,1000000000,0.0623737762590713
0.400000000000001,2.6,1000000000,0.0622018167238176
0.400000000000001,2.7,1000000000,0.0620694264400526
0.400000000000001,2.8,1000000000,0.061971287576862
0.400000000000001,2.9,1000000000,0.0619025009005595
0.400000000000001,3,1000000000,0.0618586595967233
0.400000000000001,3.1,1000000000,0.0618358719787906
0.400000000000001,3.2,1000000000,0.0618307508296384
0.400000000000001,3.3,1000000000,0.0618403823703073
0.400000000000001,3.4,1000000000,0.0618622840795681
0.400000000000001,3.5,1000000000,0.0618943576955392
0.400000000000001,3.6,1000000000,0.0619348415749678
0.400000000000001,3.7,1000000000,0.0619822650216388
0.400000000000001,3.8,1000000000,0.0620354060900699
0.400000000000001,3.9,1000000000,0.0620932536115459
0.400000000000001,4,1000000000,0.0621549736854187
0.400000000000001,4.1,1000000000,0.0622198805580982
0.400000000000001,4.2,1000000000,0.0622874116209433
0.400000000000001,4.3,1000000000,0.0623571061558814
0.400000000000001,4.4,1000000000,0.0624285874145362
0.400000000000001,4.5,1000000000,0.062501547611779
0.400000000000001,4.6,1000000000,0.0625757354331084
0.400000000000001,4.7,1000000000,0.0626509456868803
0.400000000000001,4.8,1000000000,0.0627270107703216
0.400000000000001,4.9,1000000000,0.062803793657988
0.400000000000001,5,1000000000,0.0628811821601161
0.500000000000001,0,1000000000,-1.58940388092729e-05
0.500000000000001,0.1,1000000000,0.0200257118398139
0.500000000000001,0.2,1000000000,0.0369658889557658
0.500000000000001,0.3,1000000000,0.0505698452934861
0.500000000000001,0.4,1000000000,0.0609028617344135
0.500000000000001,0.5,1000000000,0.0682528429169958
0.500000000000001,0.6,1000000000,0.0730530344419821
0.500000000000001,0.7,1000000000,0.075812153107723
0.500000000000001,0.8,1000000000,0.0770520177258355
0.500000000000001,0.9,1000000000,0.077254696521513
0.500000000000001,1,1000000000,0.0768245747109167
0.500000000000001,1.1,1000000000,0.0760698774695532
0.500000000000001,1.2,1000000000,0.0752032112448895
0.500000000000001,1.3,1000000000,0.0743556181873178
0.500000000000001,1.4,1000000000,0.0735966866374637
0.500000000000001,1.5,1000000000,0.0729545461463756
0.500000000000001,1.6,1000000000,0.0724322858308865
0.500000000000001,1.7,1000000000,0.0720197690496274
0.500000000000001,1.8,1000000000,0.0717012769066998
0.500000000000001,1.9,1000000000,0.0714599784830342
0.500000000000001,2,1000000000,0.0712802506165855
0.500000000000001,2.1,1000000000,0.0711486678307028
0.500000000000001,2.2,1000000000,0.0710542387174786
0.500000000000001,2.3,1000000000,0.0709882582943493
0.500000000000001,2.4,1000000000,0.070943996248181
0.500000000000001,2.5,1000000000,0.0709163425453338
0.500000000000001,2.6,1000000000,0.0709014714393604
0.500000000000001,2.7,1000000000,0.0708965499527263
0.500000000000001,2.8,1000000000,0.0708994979495087
0.500000000000001,2.9,1000000000,0.0709087974810475
0.500000000000001,3,1000000000,0.0709233450511555
0.500000000000001,3.1,1000000000,0.0709423393062646
0.500000000000001,3.2,1000000000,0.0709651969474745
0.500000000000001,3.3,1000000000,0.0709914905678943
0.500000000000001,3.4,1000000000,0.0710209032044221
0.500000000000001,3.5,1000000000,0.0710531954428879
0.500000000000001,3.6,1000000000,0.0710881818363926
0.500000000000001,3.7,1000000000,0.0711257141607659
0.500000000000001,3.8,1000000000,0.0711656696425654
0.500000000000001,3.9,1000000000,0.0712079427721985
0.500000000000001,4,1000000000,0.0712524396801287
0.500000000000001,4.1,1000000000,0.0712990743298601
0.500000000000001,4.2,1000000000,0.0713477659870386
0.500000000000001,4.3,1000000000,0.0713984375758918
0.500000000000001,4.4,1000000000,0.071451014645453
0.500000000000001,4.5,1000000000,0.07150542474889
0.500000000000001,4.6,1000000000,0.07156159709764
0.500000000000001,4.7,1000000000,0.0716194623939582
0.500000000000001,4.8,1000000000,0.0716789527753614
0.500000000000001,4.9,1000000000,0.0717400018256209
0.500000000000001,5,1000000000,0.0718025446218684
0.600000000000001,0,1000000000,-4.37511875902232e-05
0.600000000000001,0.1,1000000000,0.0169773111570939
0.600000000000001,0.2,1000000000,0.0334067466343904
0.600000000000001,0.3,1000000000,0.0481466018314493
0.600000000000001,0.4,1000000000,0.0602464762280917
0.600000000000001,0.5,1000000000,0.069149669440251
0.600000000000001,0.6,1000000000,0.0748348102267151
0.600000000000001,0.7,1000000000,0.0777885424687689
0.600000000000001,0.8,1000000000,0.0788018060757893
0.600000000000001,0.9,1000000000,0.0786890809226907
0.600000000000001,1,1000000000,0.0780809181567865
0.600000000000001,1.1,1000000000,0.0773621372564552
0.600000000000001,1.2,1000000000,0.0767166037025258
0.600000000000001,1.3,1000000000,0.0762040596032236
0.600000000000001,1.4,1000000000,0.0758232501609197
0.600000000000001,1.5,1000000000,0.0755502897412125
0.600000000000001,1.6,1000000000,0.075357589377136
0.600000000000001,1.7,1000000000,0.075221351249757
0.600000000000001,1.8,1000000000,0.0751234618263216
0.600000000000001,1.9,1000000000,0.0750510840504424
0.600000000000001,2,1000000000,0.0749955487534246
0.600000000000001,2.1,1000000000,0.0749512181677152
0.600000000000001,2.2,1000000000,0.0749145493856156
0.600000000000001,2.3,1000000000,0.0748833953046142
0.600000000000001,2.4,1000000000,0.0748565115449189
0.600000000000001,2.5,1000000000,0.0748332213113706
0.600000000000001,2.6,1000000000,0.0748131936946857
0.600000000000001,2.7,1000000000,0.0747963002157499
0.600000000000001,2.8,1000000000,0.074782523866896
0.600000000000001,2.9,1000000000,0.0747719026636687
0.600000000000001,3,1000000000,0.0747644955144291
0.600000000000001,3.1,1000000000,0.0747603623160235
0.600000000000001,3.2,1000000000,0.0747595529894275
0.600000000000001,3.3,1000000000,0.0747621020447287
0.600000000000001,3.4,1000000000,0.0747680264976156
0.600000000000001,3.5,1000000000,0.0747773257598355
0.600000000000001,3.6,1000000000,0.0747899826406182
0.600000000000001,3.7,1000000000,0.0748059649243565
0.600000000000001,3.8,1000000000,0.0748252271979769
0.600000000000001,3.9,1000000000,0.0748477127326551
0.600000000000001,4,1000000000,0.0748733553067847
0.600000000000001,4.1,1000000000,0.0749020809083309
0.600000000000001,4.2,1000000000,0.0749338092863191
0.600000000000001,4.3,1000000000,0.0749684553404641
0.600000000000001,4.4,1000000000,0.075005930349432
0.600000000000001,4.5,1000000000,0.0750461430448335
0.600000000000001,4.6,1000000000,0.07508900054161
0.600000000000001,4.7,1000000000,0.0751344091371352
0.600000000000001,4.8,1000000000,0.0751822749918648
0.600000000000001,4.9,1000000000,0.0752325047041607
0.600000000000001,5,1000000000,0.0752850057913215
0.700000000000001,0,1000000000,-0.000146695480662869
0.700000000000001,0.1,1000000000,0.0112100372313908
0.700000000000001,0.2,1000000000,0.024007912224038
0.700000000000001,0.3,1000000000,0.03747532118308
0.700000000000001,0.4,1000000000,0.0503844937211301
0.700000000000001,0.5,1000000000,0.0612862277292205
0.700000000000001,0.6,1000000000,0.0690413056359921
0.700000000000001,0.7,1000000000,0.0734168690965348
0.700000000000001,0.8,1000000000,0.0751735460838054
0.700000000000001,0.9,1000000000,0.0754657237395198
0.700000000000001,1,1000000000,0.0751956036063011
0.700000000000001,1.1,1000000000,0.0748307414868347
0.700000000000001,1.2,1000000000,0.074536333590688
0.700000000000001,1.3,1000000000,0.0743379217170317
0.700000000000001,1.4,1000000000,0.0742158721528411
0.700000000000001,1.5,1000000000,0.074144347521027
0.700000000000001,1.6,1000000000,0.0741029886693458
0.700000000000001,1.7,1000000000,0.0740783139741108
0.700000000000001,1.8,1000000000,0.0740622218091271
0.700000000000001,1.9,1000000000,0.074050201235061
0.700000000000001,2,1000000000,0.0740399483100696
0.700000000000001,2.1,1000000000,0.0740304432387686
0.700000000000001,2.2,1000000000,0.0740213790403076
0.700000000000001,2.3,1000000000,0.0740128234411258
0.700000000000001,2.4,1000000000,0.0740050250181384
0.700000000000001,2.5,1000000000,0.0739983049504311
0.700000000000001,2.6,1000000000,0.0739929982491146
0.700000000000001,2.7,1000000000,0.0739894230747433
0.700000000000001,2.8,1000000000,0.0739878657935865
0.700000000000001,2.9,1000000000,0.0739885747574543
0.700000000000001,3,1000000000,0.0739917588593258
0.700000000000001,3.1,1000000000,0.0739975886525948
0.700000000000001,3.2,1000000000,0.0740061987940858
0.700000000000001,3.3,1000000000,0.0740176911134656
0.700000000000001,3.4,1000000000,0.0740321379147906
0.700000000000001,3.5,1000000000,0.0740495852865397
0.700000000000001,3.6,1000000000,0.0740700562938547
0.700000000000001,3.7,1000000000,0.074093553983348
0.700000000000001,3.8,1000000000,0.0741200641645787
0.700000000000001,3.9,1000000000,0.0741495579528875
0.700000000000001,4,1000000000,0.0741819940710959
0.700000000000001,4.1,1000000000,0.0742173209156523
0.700000000000001,4.2,1000000000,0.0742554783978396
0.700000000000001,4.3,1000000000,0.0742963995737148
0.700000000000001,4.4,1000000000,0.0743400120781327
0.700000000000001,4.5,1000000000,0.0743862393789627
0.700000000000001,4.6,1000000000,0.0744350018676929
0.700000000000001,4.7,1000000000,0.0744862178022501
0.700000000000001,4.8,1000000000,0.0745398041172013
0.700000000000001,4.9,1000000000,0.0745956771156147
0.700000000000001,5,1000000000,0.0746537530558837
0.8,0,1000000000,-0.000580278004451189
0.8,0.1,1000000000,0.0059020019973808
0.8,0.2,1000000000,0.0141525482358368
0.8,0.3,1000000000,0.0241734670209686
0.8,0.4,1000000000,0.0354809766044058
0.8,0.5,1000000000,0.046894002077424
0.8,0.6,1000000000,0.0566076677111976
0.8,0.7,1000000000,0.0630663954263848
0.8,0.8,1000000000,0.0661870529958809
0.8,0.9,1000000000,0.0672037618858065
0.8,1,1000000000,0.0673635240369623
0.8,1.1,1000000000,0.0673122961629289
0.8,1.2,1000000000,0.0672646325407393
0.8,1.3,1000000000,0.0672598717404356
0.8,1.4,1000000000,0.0672892876102061
0.8,1.5,1000000000,0.0673384524496501
0.8,1.6,1000000000,0.0673969822000217
0.8,1.7,1000000000,0.0674588786220397
0.8,1.8,1000000000,0.0675210940707287
0.8,1.9,1000000000,0.0675822762534807
0.8,2,1000000000,0.0676419695901933
0.8,2.1,1000000000,0.067700165172203
0.8,2.2,1000000000,0.0677570624537057
0.8,2.3,1000000000,0.067812947530457
0.8,2.4,1000000000,0.0678681323637923
0.8,2.5,1000000000,0.0679229249650509
0.8,2.6,1000000000,0.067977615107145
0.8,2.7,1000000000,0.0680324678287461
0.8,2.8,1000000000,0.0680877209042917
0.8,2.9,1000000000,0.0681435843854813
0.8,3,1000000000,0.0682002412611097
0.8,3.1,1000000000,0.0682578487382438
0.8,3.2,1000000000,0.0683165398706005
0.8,3.3,1000000000,0.0683764253718133
0.8,3.4,1000000000,0.0684375955103199
0.8,3.5,1000000000,0.0685001220163338
0.8,3.6,1000000000,0.0685640599525114
0.8,3.7,1000000000,0.0686294495144519
0.8,3.8,1000000000,0.0686963177378332
0.8,3.9,1000000000,0.0687646800971251
0.8,4,1000000000,0.0688345419871492
0.8,4.1,1000000000,0.0689059000836337
0.8,4.2,1000000000,0.0689787435826679
0.8,4.3,1000000000,0.0690530553217424
0.8,4.4,1000000000,0.0691288127870912
0.8,4.5,1000000000,0.0692059890134293
0.8,4.6,1000000000,0.0692845533830785
0.8,4.7,1000000000,0.069364472331948
0.8,4.8,1000000000,0.0694457099700282
0.8,4.9,1000000000,0.069528228624002
0.8,5,1000000000,0.0696119893093674
0.900000000000001,0,1000000000,-0.0023777313812656
0.900000000000001,0.1,1000000000,0.00144127267564556
0.900000000000001,0.2,1000000000,0.00616148613412097
0.900000000000001,0.3,1000000000,0.0123002354760435
0.900000000000001,0.4,1000000000,0.0201076282035887
0.900000000000001,0.5,1000000000,0.0293319815101545
0.900000000000001,0.6,1000000000,0.0388075957866182
0.900000000000001,0.7,1000000000,0.0464688299036288
0.900000000000001,0.8,1000000000,0.050874438096072
0.900000000000001,0.9,1000000000,0.0526310485441889
0.900000000000001,1,1000000000,0.053165634599828
0.900000000000001,1.1,1000000000,0.0533382075970242
0.900000000000001,1.2,1000000000,0.0534485218968724
0.900000000000001,1.3,1000000000,0.0535666299993046
0.900000000000001,1.4,1000000000,0.0536990295263641
0.900000000000001,1.5,1000000000,0.0538406266793959
0.900000000000001,1.6,1000000000,0.0539867399741309
0.900000000000001,1.7,1000000000,0.0541345681311231
0.900000000000001,1.8,1000000000,0.0542826400860811
0.900000000000001,1.9,1000000000,0.0544302173079329
0.900000000000001,2,1000000000,0.0545769296244385
0.900000000000001,2.1,1000000000,0.0547225876009064
0.900000000000001,2.2,1000000000,0.0548670927906599
0.900000000000001,2.3,1000000000,0.0550103960338356
0.900000000000001,2.4,1000000000,0.0551524778907023
0.900000000000001,2.5,1000000000,0.0552933389170544
0.900000000000001,2.6,1000000000,0.0554329942589997
0.900000000000001,2.7,1000000000,0.0555714701759326
0.900000000000001,2.8,1000000000,0.0557088014843596
0.900000000000001,2.9,1000000000,0.0558450295062876
0.900000000000001,3,1000000000,0.0559802003505894
0.900000000000001,3.1,1000000000,0.0561143634535294
0.900000000000001,3.2,1000000000,0.056247570341788
0.900000000000001,3.3,1000000000,0.0563798735943287
0.900000000000001,3.4,1000000000,0.0565113259834132
0.900000000000001,3.5,1000000000,0.0566419797760362
0.900000000000001,3.6,1000000000,0.0567718861773679
0.900000000000001,3.7,1000000000,0.0569010948982438
0.900000000000001,3.8,1000000000,0.0570296538295458
0.900000000000001,3.9,1000000000,0.0571576088074454
0.900000000000001,4,1000000000,0.0572850034548294
0.900000000000001,4.1,1000000000,0.0574118790857142
0.900000000000001,4.2,1000000000,0.0575382746609805
0.900000000000001,4.3,1000000000,0.0576642267852491
0.900000000000001,4.4,1000000000,0.0577897697361495
0.900000000000001,4.5,1000000000,0.0579149355185372
0.900000000000001,4.6,1000000000,0.0580397539374149
0.900000000000001,4.7,1000000000,0.0581642526843686
0.900000000000001,4.8,1000000000,0.058288457433258
0.900000000000001,4.9,1000000000,0.058412391941707
0.900000000000001,5,1000000000,0.0585360781556284
1,0,1000000000,-0.00856102782584898
1,0.1,1000000000,-0.00420136356180455
1,0.2,1000000000,-0.000513868677801366
1,0.3,1000000000,0.00328901137277458
1,0.4,1000000000,0.00785076808337385
1,0.5,1000000000,0.0135603854183728
1,0.6,1000000000,0.0202370578296025
1,0.7,1000000000,0.0266447967197823
1,0.8,1000000000,0.0310025671257667
1,0.9,1000000000,0.0329828107726547
1,1,1000000000,0.0336755163933331
1,1.1,1000000000,0.0339463758082117
1,1.2,1000000000,0.0341225997444126
1,1.3,1000000000,0.0342895458790178
1,1.4,1000000000,0.034462925009142
1,1.5,1000000000,0.0346431006996318
1,1.6,1000000000,0.0348282967860016
1,1.7,1000000000,0.0350170394561013
1,1.8,1000000000,0.0352083048429234
1,1.9,1000000000,0.0354013497756997
1,2,1000000000,0.0355955848793916
1,2.1,1000000000,0.035790510044944
1,2.2,1000000000,0.0359856861250138
1,2.3,1000000000,0.036180723359168
1,2.4,1000000000,0.0363752765275922
1,2.5,1000000000,0.0365690424093993
1,2.6,1000000000,0.0367617577792145
1,2.7,1000000000,0.036953197322076
1,2.8,1000000000,0.0371431713087282
1,2.9,1000000000,0.0373315230462442
1,3,1000000000,0.037518126174722
1,3.1,1000000000,0.0377028818907961
1,3.2,1000000000,0.0378857161716352
1,3.3,1000000000,0.0380665770604263
1,3.4,1000000000,0.0382454320606606
1,3.5,1000000000,0.0384222656737094
1,3.6,1000000000,0.038597077102903
1,3.7,1000000000,0.0387698781378413
1,3.8,1000000000,0.0389406912249643
1,3.9,1000000000,0.0391095477243537
1,4,1000000000,0.0392764863481477
1,4.1,1000000000,0.039441551772631
1,4.2,1000000000,0.039604793413783
1,4.3,1000000000,0.0397662643546519
1,4.4,1000000000,0.0399260204121822
1,4.5,1000000000,0.0400841193309034
1,4.6,1000000000,0.0402406200910582
1,4.7,1000000000,0.0403955823191991
1,4.8,1000000000,0.0405490657899237
1,4.9,1000000000,0.040701130008179
1,5,1000000000,0.0408518338623916
